Angelique,Abry,Vynall
Ophelie,Manley,Ivan
Yao,Philipard,Bastable
Berenice,Barensen,OConcannon
Leonie,Aasaf,Yeandel
Daniele,Randales,Bolitho
Loica,OMoylane,Hayman
Marienoel,Carlin,Ruste
Cecile,Godspeede,Ditty
You,Thiem,Chaudhry
Lie,MacClancey,Gymblett
Solene,Dur,Bursell
Melina,Padbery,Bawden
Laila,Copcote,Cesco
Marieeve,Batteson,Cranna
Gaetane,Belitz,Coppen
Theresa,Goldwater,Dehn
Loica,Henderson,Kleine
Berenice,Cubbino,Timmons
Dorothee,Bentz,Simony
Cecilia,Ivanilov,McKean
Elies,Farncomb,Mowen
Regine,Eldred,Bosward
Andree,Degenhardt,Preshous
Tu,Balmann,Little
Célia,Boness,Zincke
Annotes,Negal,Rosendahl
Yú,Skipworth,Conrad
Loica,Lockery,Gillow
Marieeve,Stebles,Kubiak
Ruo,Thompsett,Overlow
Ake,Muslim,Stanyan
Gisele,Grimm,Pedrocco
Mariefrancoise,Barnewall,Levison
Gisele,Moyes,Godfery
Aurelie,Caisley,Creffield
Marlene,Langham,Maffei
Po,Hunnicutt,Kilcullen
Mahelie,Boutflour,Fridd
Veronique,Tasseler,Woodage
Publicite,Crimin,Karpenya
Oceanne,Billingsly,Sappson
Faites,Pinder,Van der Kruijs
Angelique,Barwise,Unstead
Meghane,Tunder,Staterfield
Gorel,Gerish,Nowland
Leonie,Lapsley,Fenton
Marlene,MacAllester,McIlvaney
Nadege,Hennington,Gonnel
Berenice,Davidsson,Richley
Berenice,Allport,Brydon
Pal,Grzesiak,McElane
Marlene,Paxforde,Patroni
Amelie,Fincham,Domm
Cleopatre,Croce,Coney
Nelie,Elgie,Hazell
Alois,Edgett,Reedshaw
Methode,Shepcutt,Hay
Wa,Kilgrew,Shalcras
Marie-helene,Havelin,Linnell
Maily,Conklin,Stolte
Garcon,Perazzo,Kits
Josephine,Alennikov,Denzilow
Orjan,Touhig,Pygott
Marlene,Semorad,Staley
Lucrece,Cosbee,Rodolico
Maena,Cordero,De Lorenzo
Adelie,Clem,Ebbins
Berengere,Goodricke,Haversum
Estee,Kenvin,Bucham
Marienoel,Handling,Dentith
Elies,Hardesty,Deverock
Mans,Brough,Ludlom
Melanie,Tunney,Renvoise
Gerald,Soal,Littler
Aurelie,Silbersak,Packman
Melodie,Hummerston,Gerault
Adele,Corhard,Skyrm
Renee,Higginbottam,Barosch
Dù,Jirek,Peachman
Cunegonde,Carbin,Ivers
Berenice,Codrington,Lambdon
Simplifies,Luckings,Lewton
Gaelle,Abbett,Robus
Gaia,Mycroft,Gulston
Stevina,Sandwith,Stolberg
Selene,Tregona,Flattman
Nuo,Jurca,Hould
Simplifies,Swindells,Stouther
Da,Brompton,Coldrick
Anaelle,Wilkinson,Kubin
Men,La Padula,Mattheus
Methode,Giffaut,Le Marquand
Fei,Biasini,Ellett
Laila,ODunniom,Naisey
Berenice,Briddle,Mollene
Andre,Balm,Burhouse
Beatrice,Manilo,Bravey
Renee,Thurnham,Kembley
Marylene,Burnyeat,Feather
